{
    "v": "5.6.9",
    "fr": 25,
    "ip": 0,
    "op": 50,
    "w": 500,
    "h": 500,
    "nm": "cerrojo/candado",
    "ddd": 0,
    "assets": [],
    "layers": [
        {
            "ddd": 0,
            "ind": 1,
            "ty": 4,
            "nm": "circulos/candado contornos",
            "sr": 1,
            "ks": {
                "o": {
                    "a": 0,
                    "k": 100,
                    "ix": 11
                },
                "r": {
                    "a": 0,
                    "k": 0,
                    "ix": 10
                },
                "p": {
                    "a": 1,
                    "k": [
                        {
                            "i": {
                                "x": 0.833,
                                "y": 0.833
                            },
                            "o": {
                                "x": 0.167,
                                "y": 0.167
                            },
                            "t": 17,
                            "s": [
                                250,
                                250,
                                0
                            ],
                            "to": [
                                4.833,
                                0,
                                0
                            ],
                            "ti": [
                                0,
                                0,
                                0
                            ]
                        },
                        {
                            "i": {
                                "x": 0.833,
                                "y": 0.833
                            },
                            "o": {
                                "x": 0.167,
                                "y": 0.167
                            },
                            "t": 24,
                            "s": [
                                279,
                                250,
                                0
                            ],
                            "to": [
                                0,
                                0,
                                0
                            ],
                            "ti": [
                                0,
                                0,
                                0
                            ]
                        },
                        {
                            "i": {
                                "x": 0.833,
                                "y": 0.833
                            },
                            "o": {
                                "x": 0.167,
                                "y": 0.167
                            },
                            "t": 30,
                            "s": [
                                250,
                                250,
                                0
                            ],
                            "to": [
                                0,
                                0,
                                0
                            ],
                            "ti": [
                                0,
                                0,
                                0
                            ]
                        },
                        {
                            "i": {
                                "x": 0.833,
                                "y": 0.833
                            },
                            "o": {
                                "x": 0.167,
                                "y": 0.167
                            },
                            "t": 36,
                            "s": [
                                279,
                                250,
                                0
                            ],
                            "to": [
                                0,
                                0,
                                0
                            ],
                            "ti": [
                                4.833,
                                0,
                                0
                            ]
                        },
                        {
                            "t": 41,
                            "s": [
                                250,
                                250,
                                0
                            ]
                        }
                    ],
                    "ix": 2
                },
                "a": {
                    "a": 0,
                    "k": [
                        250,
                        250,
                        0
                    ],
                    "ix": 1
                },
                "s": {
                    "a": 0,
                    "k": [
                        100,
                        100,
                        100
                    ],
                    "ix": 6
                }
            },
            "ao": 0,
            "shapes": [
                {
                    "ty": "gr",
                    "it": [
                        {
                            "ind": 0,
                            "ty": "sh",
                            "ix": 1,
                            "ks": {
                                "a": 0,
                                "k": {
                                    "i": [
                                        [
                                            0,
                                            -7.12
                                        ],
                                        [
                                            7.121,
                                            0
                                        ],
                                        [
                                            0,
                                            7.12
                                        ],
                                        [
                                            -7.121,
                                            0
                                        ]
                                    ],
                                    "o": [
                                        [
                                            0,
                                            7.12
                                        ],
                                        [
                                            -7.121,
                                            0
                                        ],
                                        [
                                            0,
                                            -7.12
                                        ],
                                        [
                                            7.121,
                                            0
                                        ]
                                    ],
                                    "v": [
                                        [
                                            12.893,
                                            0
                                        ],
                                        [
                                            0,
                                            12.893
                                        ],
                                        [
                                            -12.893,
                                            0
                                        ],
                                        [
                                            0,
                                            -12.893
                                        ]
                                    ],
                                    "c": true
                                },
                                "ix": 2
                            },
                            "nm": "Trazado 1",
                            "mn": "ADBE Vector Shape - Group",
                            "hd": false
                        },
                        {
                            "ty": "fl",
                            "c": {
                                "a": 0,
                                "k": [
                                    1,
                                    1,
                                    1,
                                    1
                                ],
                                "ix": 4
                            },
                            "o": {
                                "a": 0,
                                "k": 100,
                                "ix": 5
                            },
                            "r": 1,
                            "bm": 0,
                            "nm": "Relleno 1",
                            "mn": "ADBE Vector Graphic - Fill",
                            "hd": false
                        },
                        {
                            "ty": "tr",
                            "p": {
                                "a": 0,
                                "k": [
                                    394.107,
                                    358.75
                                ],
                                "ix": 2
                            },
                            "a": {
                                "a": 0,
                                "k": [
                                    0,
                                    0
                                ],
                                "ix": 1
                            },
                            "s": {
                                "a": 0,
                                "k": [
                                    100,
                                    100
                                ],
                                "ix": 3
                            },
                            "r": {
                                "a": 0,
                                "k": 0,
                                "ix": 6
                            },
                            "o": {
                                "a": 0,
                                "k": 100,
                                "ix": 7
                            },
                            "sk": {
                                "a": 0,
                                "k": 0,
                                "ix": 4
                            },
                            "sa": {
                                "a": 0,
                                "k": 0,
                                "ix": 5
                            },
                            "nm": "Transformar"
                        }
                    ],
                    "nm": "Grupo 1",
                    "np": 2,
                    "cix": 2,
                    "bm": 0,
                    "ix": 1,
                    "mn": "ADBE Vector Group",
                    "hd": false
                },
                {
                    "ty": "gr",
                    "it": [
                        {
                            "ind": 0,
                            "ty": "sh",
                            "ix": 1,
                            "ks": {
                                "a": 0,
                                "k": {
                                    "i": [
                                        [
                                            0,
                                            -7.12
                                        ],
                                        [
                                            7.121,
                                            0
                                        ],
                                        [
                                            0,
                                            7.12
                                        ],
                                        [
                                            -7.121,
                                            0
                                        ]
                                    ],
                                    "o": [
                                        [
                                            0,
                                            7.12
                                        ],
                                        [
                                            -7.121,
                                            0
                                        ],
                                        [
                                            0,
                                            -7.12
                                        ],
                                        [
                                            7.121,
                                            0
                                        ]
                                    ],
                                    "v": [
                                        [
                                            12.892,
                                            0
                                        ],
                                        [
                                            -0.001,
                                            12.893
                                        ],
                                        [
                                            -12.893,
                                            0
                                        ],
                                        [
                                            -0.001,
                                            -12.893
                                        ]
                                    ],
                                    "c": true
                                },
                                "ix": 2
                            },
                            "nm": "Trazado 1",
                            "mn": "ADBE Vector Shape - Group",
                            "hd": false
                        },
                        {
                            "ty": "fl",
                            "c": {
                                "a": 0,
                                "k": [
                                    1,
                                    1,
                                    1,
                                    1
                                ],
                                "ix": 4
                            },
                            "o": {
                                "a": 0,
                                "k": 100,
                                "ix": 5
                            },
                            "r": 1,
                            "bm": 0,
                            "nm": "Relleno 1",
                            "mn": "ADBE Vector Graphic - Fill",
                            "hd": false
                        },
                        {
                            "ty": "tr",
                            "p": {
                                "a": 0,
                                "k": [
                                    339.369,
                                    358.75
                                ],
                                "ix": 2
                            },
                            "a": {
                                "a": 0,
                                "k": [
                                    0,
                                    0
                                ],
                                "ix": 1
                            },
                            "s": {
                                "a": 0,
                                "k": [
                                    100,
                                    100
                                ],
                                "ix": 3
                            },
                            "r": {
                                "a": 0,
                                "k": 0,
                                "ix": 6
                            },
                            "o": {
                                "a": 0,
                                "k": 100,
                                "ix": 7
                            },
                            "sk": {
                                "a": 0,
                                "k": 0,
                                "ix": 4
                            },
                            "sa": {
                                "a": 0,
                                "k": 0,
                                "ix": 5
                            },
                            "nm": "Transformar"
                        }
                    ],
                    "nm": "Grupo 2",
                    "np": 2,
                    "cix": 2,
                    "bm": 0,
                    "ix": 2,
                    "mn": "ADBE Vector Group",
                    "hd": false
                },
                {
                    "ty": "gr",
                    "it": [
                        {
                            "ind": 0,
                            "ty": "sh",
                            "ix": 1,
                            "ks": {
                                "a": 0,
                                "k": {
                                    "i": [
                                        [
                                            0,
                                            -7.12
                                        ],
                                        [
                                            7.122,
                                            0
                                        ],
                                        [
                                            0,
                                            7.12
                                        ],
                                        [
                                            -7.12,
                                            0
                                        ]
                                    ],
                                    "o": [
                                        [
                                            0,
                                            7.12
                                        ],
                                        [
                                            -7.12,
                                            0
                                        ],
                                        [
                                            0,
                                            -7.12
                                        ],
                                        [
                                            7.122,
                                            0
                                        ]
                                    ],
                                    "v": [
                                        [
                                            12.892,
                                            0
                                        ],
                                        [
                                            -0.001,
                                            12.893
                                        ],
                                        [
                                            -12.893,
                                            0
                                        ],
                                        [
                                            -0.001,
                                            -12.893
                                        ]
                                    ],
                                    "c": true
                                },
                                "ix": 2
                            },
                            "nm": "Trazado 1",
                            "mn": "ADBE Vector Shape - Group",
                            "hd": false
                        },
                        {
                            "ty": "fl",
                            "c": {
                                "a": 0,
                                "k": [
                                    1,
                                    1,
                                    1,
                                    1
                                ],
                                "ix": 4
                            },
                            "o": {
                                "a": 0,
                                "k": 100,
                                "ix": 5
                            },
                            "r": 1,
                            "bm": 0,
                            "nm": "Relleno 1",
                            "mn": "ADBE Vector Graphic - Fill",
                            "hd": false
                        },
                        {
                            "ty": "tr",
                            "p": {
                                "a": 0,
                                "k": [
                                    284.631,
                                    358.75
                                ],
                                "ix": 2
                            },
                            "a": {
                                "a": 0,
                                "k": [
                                    0,
                                    0
                                ],
                                "ix": 1
                            },
                            "s": {
                                "a": 0,
                                "k": [
                                    100,
                                    100
                                ],
                                "ix": 3
                            },
                            "r": {
                                "a": 0,
                                "k": 0,
                                "ix": 6
                            },
                            "o": {
                                "a": 0,
                                "k": 100,
                                "ix": 7
                            },
                            "sk": {
                                "a": 0,
                                "k": 0,
                                "ix": 4
                            },
                            "sa": {
                                "a": 0,
                                "k": 0,
                                "ix": 5
                            },
                            "nm": "Transformar"
                        }
                    ],
                    "nm": "Grupo 3",
                    "np": 2,
                    "cix": 2,
                    "bm": 0,
                    "ix": 3,
                    "mn": "ADBE Vector Group",
                    "hd": false
                },
                {
                    "ty": "gr",
                    "it": [
                        {
                            "ind": 0,
                            "ty": "sh",
                            "ix": 1,
                            "ks": {
                                "a": 0,
                                "k": {
                                    "i": [
                                        [
                                            0,
                                            -7.12
                                        ],
                                        [
                                            7.121,
                                            0
                                        ],
                                        [
                                            0,
                                            7.12
                                        ],
                                        [
                                            -7.12,
                                            0
                                        ]
                                    ],
                                    "o": [
                                        [
                                            0,
                                            7.12
                                        ],
                                        [
                                            -7.12,
                                            0
                                        ],
                                        [
                                            0,
                                            -7.12
                                        ],
                                        [
                                            7.121,
                                            0
                                        ]
                                    ],
                                    "v": [
                                        [
                                            12.893,
                                            0
                                        ],
                                        [
                                            0,
                                            12.893
                                        ],
                                        [
                                            -12.893,
                                            0
                                        ],
                                        [
                                            0,
                                            -12.893
                                        ]
                                    ],
                                    "c": true
                                },
                                "ix": 2
                            },
                            "nm": "Trazado 1",
                            "mn": "ADBE Vector Shape - Group",
                            "hd": false
                        },
                        {
                            "ty": "fl",
                            "c": {
                                "a": 0,
                                "k": [
                                    1,
                                    1,
                                    1,
                                    1
                                ],
                                "ix": 4
                            },
                            "o": {
                                "a": 0,
                                "k": 100,
                                "ix": 5
                            },
                            "r": 1,
                            "bm": 0,
                            "nm": "Relleno 1",
                            "mn": "ADBE Vector Graphic - Fill",
                            "hd": false
                        },
                        {
                            "ty": "tr",
                            "p": {
                                "a": 0,
                                "k": [
                                    229.893,
                                    358.75
                                ],
                                "ix": 2
                            },
                            "a": {
                                "a": 0,
                                "k": [
                                    0,
                                    0
                                ],
                                "ix": 1
                            },
                            "s": {
                                "a": 0,
                                "k": [
                                    100,
                                    100
                                ],
                                "ix": 3
                            },
                            "r": {
                                "a": 0,
                                "k": 0,
                                "ix": 6
                            },
                            "o": {
                                "a": 0,
                                "k": 100,
                                "ix": 7
                            },
                            "sk": {
                                "a": 0,
                                "k": 0,
                                "ix": 4
                            },
                            "sa": {
                                "a": 0,
                                "k": 0,
                                "ix": 5
                            },
                            "nm": "Transformar"
                        }
                    ],
                    "nm": "Grupo 4",
                    "np": 2,
                    "cix": 2,
                    "bm": 0,
                    "ix": 4,
                    "mn": "ADBE Vector Group",
                    "hd": false
                }
            ],
            "ip": 0,
            "op": 50,
            "st": 0,
            "bm": 0
        },
        {
            "ddd": 0,
            "ind": 2,
            "ty": 4,
            "nm": "recuadro/candado contornos",
            "sr": 1,
            "ks": {
                "o": {
                    "a": 0,
                    "k": 100,
                    "ix": 11
                },
                "r": {
                    "a": 0,
                    "k": 0,
                    "ix": 10
                },
                "p": {
                    "a": 1,
                    "k": [
                        {
                            "i": {
                                "x": 0.833,
                                "y": 0.833
                            },
                            "o": {
                                "x": 0.167,
                                "y": 0.167
                            },
                            "t": 17,
                            "s": [
                                250,
                                250,
                                0
                            ],
                            "to": [
                                4.833,
                                0,
                                0
                            ],
                            "ti": [
                                0,
                                0,
                                0
                            ]
                        },
                        {
                            "i": {
                                "x": 0.833,
                                "y": 0.833
                            },
                            "o": {
                                "x": 0.167,
                                "y": 0.167
                            },
                            "t": 24,
                            "s": [
                                279,
                                250,
                                0
                            ],
                            "to": [
                                0,
                                0,
                                0
                            ],
                            "ti": [
                                0,
                                0,
                                0
                            ]
                        },
                        {
                            "i": {
                                "x": 0.833,
                                "y": 0.833
                            },
                            "o": {
                                "x": 0.167,
                                "y": 0.167
                            },
                            "t": 30,
                            "s": [
                                250,
                                250,
                                0
                            ],
                            "to": [
                                0,
                                0,
                                0
                            ],
                            "ti": [
                                0,
                                0,
                                0
                            ]
                        },
                        {
                            "i": {
                                "x": 0.833,
                                "y": 0.833
                            },
                            "o": {
                                "x": 0.167,
                                "y": 0.167
                            },
                            "t": 36,
                            "s": [
                                279,
                                250,
                                0
                            ],
                            "to": [
                                0,
                                0,
                                0
                            ],
                            "ti": [
                                4.833,
                                0,
                                0
                            ]
                        },
                        {
                            "t": 41,
                            "s": [
                                250,
                                250,
                                0
                            ]
                        }
                    ],
                    "ix": 2
                },
                "a": {
                    "a": 0,
                    "k": [
                        250,
                        250,
                        0
                    ],
                    "ix": 1
                },
                "s": {
                    "a": 0,
                    "k": [
                        100,
                        100,
                        100
                    ],
                    "ix": 6
                }
            },
            "ao": 0,
            "shapes": [
                {
                    "ty": "gr",
                    "it": [
                        {
                            "ind": 0,
                            "ty": "sh",
                            "ix": 1,
                            "ks": {
                                "a": 0,
                                "k": {
                                    "i": [
                                        [
                                            4.959,
                                            0
                                        ],
                                        [
                                            0,
                                            0
                                        ],
                                        [
                                            0,
                                            4.959
                                        ],
                                        [
                                            0,
                                            0
                                        ],
                                        [
                                            -4.958,
                                            0
                                        ],
                                        [
                                            0,
                                            0
                                        ],
                                        [
                                            0,
                                            -4.959
                                        ],
                                        [
                                            0,
                                            0
                                        ]
                                    ],
                                    "o": [
                                        [
                                            0,
                                            0
                                        ],
                                        [
                                            -4.958,
                                            0
                                        ],
                                        [
                                            0,
                                            0
                                        ],
                                        [
                                            0,
                                            -4.959
                                        ],
                                        [
                                            0,
                                            0
                                        ],
                                        [
                                            4.959,
                                            0
                                        ],
                                        [
                                            0,
                                            0
                                        ],
                                        [
                                            0,
                                            4.959
                                        ]
                                    ],
                                    "v": [
                                        [
                                            116.021,
                                            36.5
                                        ],
                                        [
                                            -116.022,
                                            36.5
                                        ],
                                        [
                                            -125,
                                            27.521
                                        ],
                                        [
                                            -125,
                                            -27.521
                                        ],
                                        [
                                            -116.022,
                                            -36.5
                                        ],
                                        [
                                            116.021,
                                            -36.5
                                        ],
                                        [
                                            125,
                                            -27.521
                                        ],
                                        [
                                            125,
                                            27.521
                                        ]
                                    ],
                                    "c": true
                                },
                                "ix": 2
                            },
                            "nm": "Trazado 1",
                            "mn": "ADBE Vector Shape - Group",
                            "hd": false
                        },
                        {
                            "ty": "fl",
                            "c": {
                                "a": 0,
                                "k": [
                                    0.25882352941176473,
                                    0.5215686274509804,
                                    0.9568627450980393,
                                    1
                                ],
                                "ix": 4
                            },
                            "o": {
                                "a": 0,
                                "k": 100,
                                "ix": 5
                            },
                            "r": 1,
                            "bm": 0,
                            "nm": "Relleno 1",
                            "mn": "ADBE Vector Graphic - Fill",
                            "hd": false
                        },
                        {
                            "ty": "tr",
                            "p": {
                                "a": 0,
                                "k": [
                                    312,
                                    357.5
                                ],
                                "ix": 2
                            },
                            "a": {
                                "a": 0,
                                "k": [
                                    0,
                                    0
                                ],
                                "ix": 1
                            },
                            "s": {
                                "a": 0,
                                "k": [
                                    100,
                                    100
                                ],
                                "ix": 3
                            },
                            "r": {
                                "a": 0,
                                "k": 0,
                                "ix": 6
                            },
                            "o": {
                                "a": 0,
                                "k": 100,
                                "ix": 7
                            },
                            "sk": {
                                "a": 0,
                                "k": 0,
                                "ix": 4
                            },
                            "sa": {
                                "a": 0,
                                "k": 0,
                                "ix": 5
                            },
                            "nm": "Transformar"
                        }
                    ],
                    "nm": "Grupo 1",
                    "np": 2,
                    "cix": 2,
                    "bm": 0,
                    "ix": 1,
                    "mn": "ADBE Vector Group",
                    "hd": false
                }
            ],
            "ip": 0,
            "op": 50,
            "st": 0,
            "bm": 0
        },
        {
            "ddd": 0,
            "ind": 3,
            "ty": 4,
            "nm": "cuerpo/candado contornos",
            "sr": 1,
            "ks": {
                "o": {
                    "a": 0,
                    "k": 100,
                    "ix": 11
                },
                "r": {
                    "a": 0,
                    "k": 0,
                    "ix": 10
                },
                "p": {
                    "a": 1,
                    "k": [
                        {
                            "i": {
                                "x": 0.833,
                                "y": 0.833
                            },
                            "o": {
                                "x": 0.167,
                                "y": 0.167
                            },
                            "t": 0,
                            "s": [
                                250,
                                250,
                                0
                            ],
                            "to": [
                                0,
                                1.5,
                                0
                            ],
                            "ti": [
                                0,
                                -1.5,
                                0
                            ]
                        },
                        {
                            "i": {
                                "x": 0.833,
                                "y": 0.833
                            },
                            "o": {
                                "x": 0.167,
                                "y": 0.167
                            },
                            "t": 5,
                            "s": [
                                250,
                                259,
                                0
                            ],
                            "to": [
                                0,
                                0,
                                0
                            ],
                            "ti": [
                                0,
                                0,
                                0
                            ]
                        },
                        {
                            "i": {
                                "x": 0.833,
                                "y": 0.833
                            },
                            "o": {
                                "x": 0.167,
                                "y": 0.167
                            },
                            "t": 10,
                            "s": [
                                250,
                                259,
                                0
                            ],
                            "to": [
                                0,
                                -1.5,
                                0
                            ],
                            "ti": [
                                0,
                                1.5,
                                0
                            ]
                        },
                        {
                            "i": {
                                "x": 0.833,
                                "y": 0.833
                            },
                            "o": {
                                "x": 0.167,
                                "y": 0.167
                            },
                            "t": 15,
                            "s": [
                                250,
                                250,
                                0
                            ],
                            "to": [
                                0,
                                0,
                                0
                            ],
                            "ti": [
                                0,
                                0,
                                0
                            ]
                        },
                        {
                            "i": {
                                "x": 0.833,
                                "y": 0.833
                            },
                            "o": {
                                "x": 0.167,
                                "y": 0.167
                            },
                            "t": 17,
                            "s": [
                                250,
                                250,
                                0
                            ],
                            "to": [
                                -9.333,
                                0,
                                0
                            ],
                            "ti": [
                                0,
                                0,
                                0
                            ]
                        },
                        {
                            "i": {
                                "x": 0.833,
                                "y": 0.833
                            },
                            "o": {
                                "x": 0.167,
                                "y": 0.167
                            },
                            "t": 24,
                            "s": [
                                194,
                                250,
                                0
                            ],
                            "to": [
                                0,
                                0,
                                0
                            ],
                            "ti": [
                                0,
                                0,
                                0
                            ]
                        },
                        {
                            "i": {
                                "x": 0.833,
                                "y": 0.833
                            },
                            "o": {
                                "x": 0.167,
                                "y": 0.167
                            },
                            "t": 30,
                            "s": [
                                250,
                                250,
                                0
                            ],
                            "to": [
                                0,
                                0,
                                0
                            ],
                            "ti": [
                                0,
                                0,
                                0
                            ]
                        },
                        {
                            "i": {
                                "x": 0.833,
                                "y": 0.833
                            },
                            "o": {
                                "x": 0.167,
                                "y": 0.167
                            },
                            "t": 36,
                            "s": [
                                194,
                                250,
                                0
                            ],
                            "to": [
                                0,
                                0,
                                0
                            ],
                            "ti": [
                                -9.333,
                                0,
                                0
                            ]
                        },
                        {
                            "t": 41,
                            "s": [
                                250,
                                250,
                                0
                            ]
                        }
                    ],
                    "ix": 2
                },
                "a": {
                    "a": 0,
                    "k": [
                        250,
                        250,
                        0
                    ],
                    "ix": 1
                },
                "s": {
                    "a": 0,
                    "k": [
                        100,
                        100,
                        100
                    ],
                    "ix": 6
                }
            },
            "ao": 0,
            "shapes": [
                {
                    "ty": "gr",
                    "it": [
                        {
                            "ind": 0,
                            "ty": "sh",
                            "ix": 1,
                            "ks": {
                                "a": 0,
                                "k": {
                                    "i": [
                                        [
                                            13.278,
                                            0
                                        ],
                                        [
                                            0,
                                            0
                                        ],
                                        [
                                            0,
                                            13.278
                                        ],
                                        [
                                            0,
                                            0
                                        ],
                                        [
                                            -13.278,
                                            0
                                        ],
                                        [
                                            0,
                                            0
                                        ],
                                        [
                                            0,
                                            -13.278
                                        ],
                                        [
                                            0,
                                            0
                                        ]
                                    ],
                                    "o": [
                                        [
                                            0,
                                            0
                                        ],
                                        [
                                            -13.278,
                                            0
                                        ],
                                        [
                                            0,
                                            0
                                        ],
                                        [
                                            0,
                                            -13.278
                                        ],
                                        [
                                            0,
                                            0
                                        ],
                                        [
                                            13.278,
                                            0
                                        ],
                                        [
                                            0,
                                            0
                                        ],
                                        [
                                            0,
                                            13.278
                                        ]
                                    ],
                                    "v": [
                                        [
                                            122.957,
                                            117.5
                                        ],
                                        [
                                            -122.958,
                                            117.5
                                        ],
                                        [
                                            -147,
                                            93.457
                                        ],
                                        [
                                            -147,
                                            -93.458
                                        ],
                                        [
                                            -122.958,
                                            -117.5
                                        ],
                                        [
                                            122.957,
                                            -117.5
                                        ],
                                        [
                                            147,
                                            -93.458
                                        ],
                                        [
                                            147,
                                            93.457
                                        ]
                                    ],
                                    "c": true
                                },
                                "ix": 2
                            },
                            "nm": "Trazado 1",
                            "mn": "ADBE Vector Shape - Group",
                            "hd": false
                        },
                        {
                            "ty": "fl",
                            "c": {
                                "a": 0,
                                "k": [
                                    0.8,
                                    0.8,
                                    0.8,
                                    1
                                ],
                                "ix": 4
                            },
                            "o": {
                                "a": 0,
                                "k": 100,
                                "ix": 5
                            },
                            "r": 1,
                            "bm": 0,
                            "nm": "Relleno 1",
                            "mn": "ADBE Vector Graphic - Fill",
                            "hd": false
                        },
                        {
                            "ty": "tr",
                            "p": {
                                "a": 0,
                                "k": [
                                    250,
                                    327.5
                                ],
                                "ix": 2
                            },
                            "a": {
                                "a": 0,
                                "k": [
                                    0,
                                    0
                                ],
                                "ix": 1
                            },
                            "s": {
                                "a": 0,
                                "k": [
                                    100,
                                    100
                                ],
                                "ix": 3
                            },
                            "r": {
                                "a": 0,
                                "k": 0,
                                "ix": 6
                            },
                            "o": {
                                "a": 0,
                                "k": 100,
                                "ix": 7
                            },
                            "sk": {
                                "a": 0,
                                "k": 0,
                                "ix": 4
                            },
                            "sa": {
                                "a": 0,
                                "k": 0,
                                "ix": 5
                            },
                            "nm": "Transformar"
                        }
                    ],
                    "nm": "Grupo 1",
                    "np": 2,
                    "cix": 2,
                    "bm": 0,
                    "ix": 1,
                    "mn": "ADBE Vector Group",
                    "hd": false
                }
            ],
            "ip": 0,
            "op": 50,
            "st": 0,
            "bm": 0
        },
        {
            "ddd": 0,
            "ind": 4,
            "ty": 4,
            "nm": "cerrojo/candado contornos",
            "sr": 1,
            "ks": {
                "o": {
                    "a": 0,
                    "k": 100,
                    "ix": 11
                },
                "r": {
                    "a": 0,
                    "k": 0,
                    "ix": 10
                },
                "p": {
                    "a": 1,
                    "k": [
                        {
                            "i": {
                                "x": 0.833,
                                "y": 0.833
                            },
                            "o": {
                                "x": 0.167,
                                "y": 0.167
                            },
                            "t": 0,
                            "s": [
                                250,
                                250,
                                0
                            ],
                            "to": [
                                0,
                                -7,
                                0
                            ],
                            "ti": [
                                0,
                                7,
                                0
                            ]
                        },
                        {
                            "i": {
                                "x": 0.833,
                                "y": 0.833
                            },
                            "o": {
                                "x": 0.167,
                                "y": 0.167
                            },
                            "t": 5,
                            "s": [
                                250,
                                208,
                                0
                            ],
                            "to": [
                                0,
                                0,
                                0
                            ],
                            "ti": [
                                0,
                                0,
                                0
                            ]
                        },
                        {
                            "i": {
                                "x": 0.833,
                                "y": 0.833
                            },
                            "o": {
                                "x": 0.167,
                                "y": 0.167
                            },
                            "t": 10,
                            "s": [
                                250,
                                208,
                                0
                            ],
                            "to": [
                                0,
                                7,
                                0
                            ],
                            "ti": [
                                0,
                                -7,
                                0
                            ]
                        },
                        {
                            "i": {
                                "x": 0.833,
                                "y": 0.833
                            },
                            "o": {
                                "x": 0.167,
                                "y": 0.167
                            },
                            "t": 15,
                            "s": [
                                250,
                                250,
                                0
                            ],
                            "to": [
                                0,
                                0,
                                0
                            ],
                            "ti": [
                                0,
                                0,
                                0
                            ]
                        },
                        {
                            "i": {
                                "x": 0.833,
                                "y": 0.833
                            },
                            "o": {
                                "x": 0.167,
                                "y": 0.167
                            },
                            "t": 17,
                            "s": [
                                250,
                                250,
                                0
                            ],
                            "to": [
                                -9.333,
                                0,
                                0
                            ],
                            "ti": [
                                0,
                                0,
                                0
                            ]
                        },
                        {
                            "i": {
                                "x": 0.833,
                                "y": 0.833
                            },
                            "o": {
                                "x": 0.167,
                                "y": 0.167
                            },
                            "t": 24,
                            "s": [
                                194,
                                250,
                                0
                            ],
                            "to": [
                                0,
                                0,
                                0
                            ],
                            "ti": [
                                0,
                                0,
                                0
                            ]
                        },
                        {
                            "i": {
                                "x": 0.833,
                                "y": 0.833
                            },
                            "o": {
                                "x": 0.167,
                                "y": 0.167
                            },
                            "t": 30,
                            "s": [
                                250,
                                250,
                                0
                            ],
                            "to": [
                                0,
                                0,
                                0
                            ],
                            "ti": [
                                0,
                                0,
                                0
                            ]
                        },
                        {
                            "i": {
                                "x": 0.833,
                                "y": 0.833
                            },
                            "o": {
                                "x": 0.167,
                                "y": 0.167
                            },
                            "t": 36,
                            "s": [
                                194,
                                250,
                                0
                            ],
                            "to": [
                                0,
                                0,
                                0
                            ],
                            "ti": [
                                -9.333,
                                0,
                                0
                            ]
                        },
                        {
                            "t": 41,
                            "s": [
                                250,
                                250,
                                0
                            ]
                        }
                    ],
                    "ix": 2
                },
                "a": {
                    "a": 0,
                    "k": [
                        250,
                        250,
                        0
                    ],
                    "ix": 1
                },
                "s": {
                    "a": 0,
                    "k": [
                        100,
                        100,
                        100
                    ],
                    "ix": 6
                }
            },
            "ao": 0,
            "shapes": [
                {
                    "ty": "gr",
                    "it": [
                        {
                            "ind": 0,
                            "ty": "sh",
                            "ix": 1,
                            "ks": {
                                "a": 0,
                                "k": {
                                    "i": [
                                        [
                                            0,
                                            0
                                        ],
                                        [
                                            4.673,
                                            12.496
                                        ],
                                        [
                                            50.591,
                                            0
                                        ],
                                        [
                                            21.014,
                                            -53.306
                                        ],
                                        [
                                            0,
                                            -15.068
                                        ],
                                        [
                                            0,
                                            0
                                        ],
                                        [
                                            0,
                                            0
                                        ],
                                        [
                                            0,
                                            0
                                        ],
                                        [
                                            -3.468,
                                            8.012
                                        ],
                                        [
                                            -36.663,
                                            0
                                        ],
                                        [
                                            -16.306,
                                            -40.377
                                        ],
                                        [
                                            -0.099,
                                            -7.026
                                        ],
                                        [
                                            0,
                                            0
                                        ],
                                        [
                                            0,
                                            0
                                        ]
                                    ],
                                    "o": [
                                        [
                                            -0.106,
                                            -13.518
                                        ],
                                        [
                                            -20.556,
                                            -54.961
                                        ],
                                        [
                                            -49.647,
                                            0
                                        ],
                                        [
                                            -5.447,
                                            13.819
                                        ],
                                        [
                                            0,
                                            0
                                        ],
                                        [
                                            0,
                                            0
                                        ],
                                        [
                                            0,
                                            0
                                        ],
                                        [
                                            0,
                                            -8.879
                                        ],
                                        [
                                            16.8,
                                            -38.813
                                        ],
                                        [
                                            37.609,
                                            0
                                        ],
                                        [
                                            2.592,
                                            6.417
                                        ],
                                        [
                                            0,
                                            0
                                        ],
                                        [
                                            0,
                                            0
                                        ],
                                        [
                                            0,
                                            0
                                        ]
                                    ],
                                    "v": [
                                        [
                                            121.761,
                                            25.807
                                        ],
                                        [
                                            114.596,
                                            -13.602
                                        ],
                                        [
                                            -0.247,
                                            -106.5
                                        ],
                                        [
                                            -113.916,
                                            -16.658
                                        ],
                                        [
                                            -122.127,
                                            27.155
                                        ],
                                        [
                                            -122.127,
                                            106.5
                                        ],
                                        [
                                            -90.739,
                                            106.5
                                        ],
                                        [
                                            -90.739,
                                            21.545
                                        ],
                                        [
                                            -85.582,
                                            -4.155
                                        ],
                                        [
                                            0.128,
                                            -76.141
                                        ],
                                        [
                                            86.369,
                                            -1.13
                                        ],
                                        [
                                            90.381,
                                            19.269
                                        ],
                                        [
                                            91.127,
                                            52.096
                                        ],
                                        [
                                            122.127,
                                            52.096
                                        ]
                                    ],
                                    "c": true
                                },
                                "ix": 2
                            },
                            "nm": "Trazado 1",
                            "mn": "ADBE Vector Shape - Group",
                            "hd": false
                        },
                        {
                            "ty": "fl",
                            "c": {
                                "a": 0,
                                "k": [
                                    0.32941176470588235,
                                    0.3411764705882353,
                                    0.33725490196078434,
                                    1
                                ],
                                "ix": 4
                            },
                            "o": {
                                "a": 0,
                                "k": 100,
                                "ix": 5
                            },
                            "r": 1,
                            "bm": 0,
                            "nm": "Relleno 1",
                            "mn": "ADBE Vector Graphic - Fill",
                            "hd": false
                        },
                        {
                            "ty": "tr",
                            "p": {
                                "a": 0,
                                "k": [
                                    251.872,
                                    173.5
                                ],
                                "ix": 2
                            },
                            "a": {
                                "a": 0,
                                "k": [
                                    0,
                                    0
                                ],
                                "ix": 1
                            },
                            "s": {
                                "a": 0,
                                "k": [
                                    100,
                                    100
                                ],
                                "ix": 3
                            },
                            "r": {
                                "a": 0,
                                "k": 0,
                                "ix": 6
                            },
                            "o": {
                                "a": 0,
                                "k": 100,
                                "ix": 7
                            },
                            "sk": {
                                "a": 0,
                                "k": 0,
                                "ix": 4
                            },
                            "sa": {
                                "a": 0,
                                "k": 0,
                                "ix": 5
                            },
                            "nm": "Transformar"
                        }
                    ],
                    "nm": "Grupo 1",
                    "np": 2,
                    "cix": 2,
                    "bm": 0,
                    "ix": 1,
                    "mn": "ADBE Vector Group",
                    "hd": false
                }
            ],
            "ip": 0,
            "op": 50,
            "st": 0,
            "bm": 0
        }
    ],
    "markers": []
}